Median House  Prices 4TH quarter 2021,,,,,,,,,,Change %,Change %
SUBURB,Oct - Dec 20,Jan - Mar 2021,Apr - Jun 2021,Jul-Aug 21,Oct - Dec 21,No of sales ,No of sales ,No of sales ,No of Sales ,Oct - Dec 20,Jul-Aug 21
,,,,,,Apr - Jun 2021,Jul- Sep 2021,Oct - Dec 2021,YTD,Oct - Dec 21,Oct - Dec 21
,,,,,,,,,,,
ABBOTSFORD,1230000,1370000,1470000,1107500,1340000,17,11,25,93,8.9,21
ABERFELDIE,1620000,1788000,1830000,1790000,2283000,11,8,18,68,40.9,27.5
AINTREE,687800,701500,695000,735000,742500,43,33,38,212,8,1
AIREYS INLET,1365000,1601000,1360000,1835000,2030000,5,8,7,38,48.7,10.6
AIRPORT WEST,830000,887500,955000,990000,1020000,43,30,35,180,22.9,3
ALBANVALE,577500,590000,615000,595000,620000,25,11,29,109,7.4,4.2
ALBERT PARK,2015000,2390000,2444000,2195000,2300000,36,34,55,186,14.1,4.8
ALBION,720000,760000,867500,944500,820000,10,2,19,48,13.9,-13.2
ALEXANDRA,455000,400000,416000,440000,545000,21,19,21,85,19.8,23.9
ALFREDTON,517800,585000,580000,656000,642500,67,57,78,357,24.1,-2.1
ALLANSFORD,425000,402500,348000,530000,540000,4,1,7,15,27.1,1.9
ALPHINGTON,2035000,1850000,2300000,2095000,2541500,13,8,24,67,24.9,21.3
ALTONA,900000,1115000,1075000,1205000,1262500,57,40,48,232,40.3,4.8
ALTONA EAST,920000,915500,950000,957500,1133300,13,8,12,62,23.2,18.4
ALTONA MEADOWS,680000,680800,700000,752500,730000,33,19,33,144,7.4,-3
ALTONA NORTH,830000,861100,994500,976000,1012500,40,27,52,205,22,3.7
ANGLESEA,1375000,1200000,1355000,1510000,1702500,27,15,32,126,23.8,12.7
APOLLO BAY,775000,892500,935000,845000,997500,10,7,13,64,28.7,18
ARARAT,243800,288000,260500,316000,350000,46,41,65,250,43.6,10.8
ARDEER,630000,681500,707500,750000,725000,9,6,16,57,15.1,-3.3
ARMADALE,2802500,2700000,2650000,2550000,2410000,25,21,45,144,-14,-5.5
ARMSTRONG CREEK,551000,605500,668800,685500,716500,86,78,74,420,30,4.5
ARTHURS SEAT,972500,972500,1525000,1215000,1600000,5,1,3,13,64.5,31.7
ASCOT (GREATER BENDIGO),472500,435300,545000,550000,660000,14,11,11,56,39.7,20
ASCOT VALE,1215000,1210000,1310000,1353000,1351000,56,34,69,240,11.2,-0.1
ASHBURTON,1655000,1777500,2000000,1852500,2250000,27,18,55,166,36,21.5
ASHWOOD,1271000,1350100,1434300,1465000,1490000,20,14,22,93,17.2,1.7
ASPENDALE,1095000,1150000,1250000,1362000,1450000,24,30,25,129,32.4,6.5
ASPENDALE GARDENS,970000,1070000,1110800,1140000,1200000,14,9,19,70,23.7,5.3
ATTWOOD,774800,1040000,940000,920000,1050000,11,14,17,59,35.5,14.1
AVENEL,395000,475000,428000,495000,485500,9,6,4,27,22.9,-1.9
AVOCA,313000,268000,345000,360000,396000,8,5,5,29,26.5,10
AVONDALE HEIGHTS,870000,900000,937500,1012500,1000000,56,35,67,243,14.9,-1.2
AVONSLEIGH,627500,751800,688300,890000,858000,4,1,6,17,36.7,-3.6
BACCHUS MARSH,518000,578500,596700,600000,580000,40,41,47,215,12,-3.3
BADGER CREEK,570000,631100,665000,690000,710000,5,5,7,33,24.6,2.9
BAIRNSDALE,315000,325000,350000,350000,400000,70,49,67,337,27,14.3
BALACLAVA,1272000,1700000,1515000,1512500,1546500,14,8,22,66,21.6,2.2
BALCOMBE,1385000,1479000,1673500,2070000,1935000,42,22,36,201,39.7,-6.5
BALLAN,500000,600000,590000,612500,614500,13,10,16,74,22.9,0.3
BALLARAT CENTRAL,577500,565000,710000,692000,870000,39,33,28,173,50.6,25.7
BALLARAT EAST,460000,437500,487500,501000,510000,40,53,41,219,10.9,1.8
BALLARAT NORTH,480000,547000,554900,550000,580000,29,17,25,115,20.8,5.5
BALNARRING,979500,1100000,1410000,1370000,1310500,9,7,12,57,33.8,-4.3
BALNARRING BEACH,1250000,1312000,2700000,1535000,3400000,1,6,3,26,172,121.5
BALWYN,2358000,2636500,2717500,2840000,2750000,68,38,62,267,16.6,-3.2
BALWYN NORTH,1850000,2065000,2156000,2379000,2407000,102,66,110,461,30.1,1.2
BANDIANA,570000,437500,427500,469000,464100,2,5,2,14,-18.6,-1
BANNOCKBURN,594000,620000,650000,710000,745000,27,13,23,103,25.4,4.9
BARANDUDA,436000,471400,472000,602500,538000,13,4,11,59,23.4,-10.7
BARNAWARTHA,320000,357000,390000,485000,332500,3,3,6,23,3.9,-31.4
BARWON HEADS,1400000,1395000,1857500,1525000,1780000,24,16,15,105,27.1,16.7
BAXTER,575000,590900,669400,730000,722000,8,16,13,59,25.6,-1.1
BAYSWATER,751000,850800,870000,897500,895000,52,32,44,199,19.2,-0.3
BAYSWATER NORTH,731000,830000,818000,894500,888000,31,10,29,132,21.5,-0.7
BEACONSFIELD,712000,862500,861500,860500,956500,30,16,34,154,34.3,11.2
BEACONSFIELD UPPER,890000,910000,827600,1137500,907700,9,4,2,20,2,-20.2
BEAUFORT,362500,348000,340000,517500,395000,7,6,12,51,9,-23.7
BEAUMARIS,1710000,1866000,2050000,2230000,2212500,53,51,82,313,29.4,-0.8
BEECHWORTH,580000,555000,640600,654500,650000,18,18,19,102,12.1,-0.7
BELGRAVE,710000,730000,792500,822500,818000,22,16,24,116,15.2,-0.5
BELGRAVE HEIGHTS,800000,740000,1052000,922500,980000,3,4,2,21,22.5,6.2
BELGRAVE SOUTH,891300,770000,1100000,1143700,1125000,9,4,6,31,26.2,-1.6
BELL PARK,500000,565000,583000,655000,705000,29,15,19,101,41,7.6
BELL POST HILL,533000,555000,591000,665000,703500,25,17,26,110,32,5.8
BELLFIELD (BANYULE),875000,932800,913000,1000000,1080000,10,3,11,37,23.4,8
BELMONT,610000,745000,703500,713000,752500,84,68,88,395,23.4,5.5
BENALLA,322600,352500,385000,355000,435000,68,51,64,328,34.9,22.5
BENDIGO,557500,610000,575500,562500,630000,41,38,51,191,13,12
BENTLEIGH,1587500,1600000,1622500,1850000,1797500,50,37,60,254,13.2,-2.8
BENTLEIGH EAST,1305000,1368500,1450000,1527300,1505000,131,92,110,558,15.3,-1.5
BERWICK,706500,790000,824000,820000,907500,249,169,270,"1,213",28.4,10.7
BEVERIDGE,540000,615000,615900,645000,690000,22,23,25,104,27.8,7
BIRCHIP,131300,120000,120000,295000,149000,6,1,7,25,13.5,-49.5
BIRREGURRA,525000,735000,695000,560500,705000,4,4,6,25,34.3,25.8
BITTERN,670000,690000,720000,807500,823700,15,10,11,66,22.9,2
BLACK HILL,530000,512500,563000,510000,635000,14,9,7,59,19.8,24.5
BLACK ROCK,1875000,2450000,2480000,2002500,2805000,13,16,28,103,49.6,40.1
BLACKBURN,1550000,1600000,1638500,1600000,1700000,43,31,57,207,9.7,6.3
BLACKBURN NORTH,1107500,1226500,1276300,1337500,1356000,36,24,45,151,22.4,1.4
BLACKBURN SOUTH,1100000,1260000,1340000,1316000,1367500,45,31,44,188,24.3,3.9
BLACKWOOD,490000,680000,550000,642000,751300,5,2,4,14,53.3,17
BLAIRGOWRIE,1446000,1400000,1402000,1725000,1645000,39,39,55,267,13.8,-4.6
BLIND BIGHT,600000,605000,607000,740000,677500,9,9,6,38,12.9,-8.4
BONBEACH,963800,930000,1170000,1150000,1350000,15,21,23,101,40.1,17.4
BONNIE BROOK,-,-,677000,670000,701000,5,1,1,7,0,4.6
BONNIE DOON,430000,470000,565000,565000,850000,3,0,5,20,97.7,NA
BONSHAW,470000,505000,525000,550000,582500,15,5,6,45,23.9,5.9
BOOLARRA,262500,308000,360000,389500,389500,7,2,6,28,48.4,0
BOORT,172500,180000,255000,190500,365000,11,4,1,25,111.6,91.6
BORONIA,721000,785000,825000,865000,881500,89,50,77,358,22.3,1.9
BOTANIC RIDGE,725000,780500,905000,895000,937500,40,40,43,211,29.3,4.7
BOX HILL,1481300,1578000,1718000,1510000,1640000,15,10,17,78,10.7,8.6
BOX HILL NORTH,1183800,1290000,1220000,1342500,1390000,33,26,47,180,17.4,3.5
BOX HILL SOUTH,1264000,1385000,1520000,1559000,1660500,30,23,44,151,31.4,6.5
BRAYBROOK,689000,727000,770000,772500,793000,39,31,33,180,15.1,2.7
BREAKWATER,407000,485000,514400,580400,585000,6,6,7,28,43.7,0.8
BRIAGOLONG,292000,405700,365500,335000,420000,4,3,4,23,43.8,25.4
BRIAR HILL,925800,940500,1000500,1130000,1035500,12,7,14,55,11.9,-8.4
BRIDGEWATER ON LODDON,350000,331000,389000,410000,240000,2,3,1,12,-31.4,-41.5
BRIGHT,758000,819000,920000,1021300,1187500,23,10,12,94,56.7,16.3
BRIGHTON,3420500,3520000,3606000,3400000,3370000,101,56,85,427,-1.5,-0.9
BRIGHTON EAST,2087500,2125000,2245000,2450000,2356300,72,63,64,357,12.9,-3.8
BROADFORD,465500,510000,477500,502500,610000,22,20,27,114,31,21.4
BROADMEADOWS,556800,568300,595000,590000,618000,43,39,30,164,11,4.7
BROOKFIELD,509000,503500,520000,550000,575000,55,45,72,277,13,4.5
BROOKLYN,750000,836500,880000,902500,850000,13,6,10,44,13.3,-5.8
BROWN HILL,537500,560000,580000,595000,722500,18,16,13,89,34.4,21.4
BRUNSWICK,1115000,1300000,1321000,1352500,1380000,67,64,99,366,23.8,2
BRUNSWICK EAST,1307000,1400000,1452500,1280000,1435000,29,19,32,130,9.8,12.1
BRUNSWICK WEST,1250500,1415000,1385000,1260000,1322000,23,17,47,136,5.7,4.9
BRUTHEN,361000,292500,250000,345000,357000,3,3,3,19,-1.1,3.5
BULLEEN,1052500,1307500,1306500,1340000,1530000,48,32,53,211,45.4,14.2
BUNDALONG,977500,606000,650000,850000,916500,1,1,3,14,-6.2,7.8
BUNDOORA,751000,813000,840000,910000,905000,87,55,136,441,20.5,-0.5
BUNINYONG,548000,680000,600000,720000,665000,17,15,15,79,21.4,-7.6
BUNYIP,540000,565000,650000,723300,720000,14,8,13,69,33.3,-0.4
BURNSIDE,663000,701000,658500,710000,752000,12,13,23,69,13.4,5.9
BURNSIDE HEIGHTS,677500,686000,685000,680000,740000,20,15,21,95,9.2,8.8
BURWOOD,1309000,1395000,1372000,1500000,1475000,55,33,60,219,12.7,-1.7
BURWOOD EAST,1106000,1191000,1301000,1274000,1305000,37,32,41,172,18,2.4
CAIRNLEA,810000,740500,850000,800000,900000,19,17,21,97,11.1,12.5
CALIFORNIA GULLY,330000,369500,397500,430000,452000,22,19,27,126,37,5.1
CAMBERWELL,2057500,2405500,2512500,2650000,2650000,78,55,96,341,28.8,0
CAMPBELLFIELD,547500,610000,590000,600000,618000,12,11,21,61,12.9,3
CAMPBELLS CREEK,642500,622500,500000,615000,717500,7,10,16,57,11.7,16.7
CAMPERDOWN,315000,325000,365000,297500,494300,19,12,28,107,56.9,66.1
CANADIAN,495000,445000,487500,567500,545000,18,10,18,89,10.1,-4
CANTERBURY,3250000,2975000,3890000,3494000,3390000,35,10,29,135,4.3,-3
CAPE PATERSON,620000,668000,746100,815000,1110000,12,11,10,61,79,36.2
CAPE SCHANCK,1185000,1330000,1850000,1181000,1380000,3,3,5,24,16.5,16.9
CAPEL SOUND,588000,687500,765000,808300,875000,28,24,35,160,48.8,8.3
CARISBROOK,444500,289000,367000,361000,370000,7,7,3,24,-16.8,2.5
CARLTON,1490000,1367500,1670000,1280000,1705000,8,7,27,59,14.4,33.2
CARLTON NORTH,1455000,1605000,1696500,1830000,1655000,26,18,46,141,13.7,-9.6
CARNEGIE,1612500,1670000,1800000,1920100,1821000,25,15,45,144,12.9,-5.2
CAROLINE SPRINGS,628000,670000,720000,730800,750000,83,70,103,413,19.4,2.6
CARRUM,795000,937500,952500,1001000,1062500,13,6,14,59,33.6,6.1
CARRUM DOWNS,587000,649000,668300,676500,737500,100,76,64,437,25.6,9
CASTERTON,192000,183500,187000,195000,350000,15,12,8,65,82.3,79.5
CASTLEMAINE,585000,658500,655000,620000,739000,37,21,37,188,26.3,19.2
CAULFIELD,1806000,2065500,2124500,2081000,1950000,16,3,14,51,8,-6.3
CAULFIELD NORTH,2335000,2550000,2460000,2412500,2700000,32,16,45,158,15.6,11.9
CAULFIELD SOUTH,1765000,1705000,2101000,1807000,1985000,40,20,40,163,12.5,9.9
CHADSTONE,1095000,1105000,1211000,1251500,1350000,21,18,29,102,23.3,7.9
CHARLEMONT,496500,530000,617500,650000,682500,17,16,19,73,37.5,5
CHARLTON,150000,164000,189000,202500,252500,8,10,6,46,68.3,24.7
CHELSEA,983800,1117000,1311000,1122500,1240000,25,8,23,84,26,10.5
CHELSEA HEIGHTS,820000,945000,950000,1002000,995000,15,13,32,99,21.3,-0.7
CHELTENHAM,1201000,1215000,1321000,1360000,1387500,47,30,66,245,15.5,2
CHELTENHAM EAST,1040000,1070000,1110000,1325000,1195500,14,15,22,84,15,-9.8
CHELTENHAM NORTH,906300,1141500,1165000,840000,1100000,17,17,13,72,21.4,31
CHEWTON,632500,632000,540000,585000,832500,3,2,4,26,31.6,42.3
CHILTERN,353800,290000,410000,400000,325000,5,3,6,24,-8.1,-18.8
CHIRNSIDE PARK,805000,820000,880500,937000,930000,60,39,59,263,15.5,-0.7
CHURCHILL,247500,265000,292500,316500,347000,23,33,32,133,40.2,9.6
CLARINDA,850000,1004500,1020000,990000,1152500,21,10,17,69,35.6,16.4
CLAYTON,1066000,1070000,1220000,1265500,1141300,15,10,16,59,7.1,-9.8
CLAYTON NORTH,1235300,1409400,1320000,1075000,1300000,6,3,8,27,5.2,20.9
CLAYTON SOUTH,906500,851600,990000,981500,1005000,21,10,15,80,10.9,2.4
CLIFTON HILL,1413000,1630000,1750000,1625000,1775500,17,17,32,102,25.7,9.3
CLIFTON SPRINGS,542000,575500,672000,647500,735000,45,54,56,261,35.6,13.5
CLUNES,422500,450000,420000,337500,477500,10,8,5,46,13,41.5
CLYDE,570000,610000,612500,630300,687500,65,66,80,347,20.6,9.1
CLYDE NORTH,627000,652000,670000,688500,717000,168,152,187,842,14.4,4.1
COBBLEBANK,535000,553000,565000,575000,570000,30,24,17,112,6.5,-0.9
COBDEN,265000,300000,346000,380000,350000,10,6,7,34,32.1,-7.9
COBRAM,325000,340000,370000,401000,380000,44,27,45,196,16.9,-5.2
COBURG,1127500,1115000,1220000,1340000,1350000,68,57,113,409,19.7,0.7
COBURG EAST,1012000,1071900,1080000,1192500,1102000,19,17,25,96,8.9,-7.6
COBURG NORTH,920000,960500,965000,1130000,1006000,26,17,32,112,9.3,-11
COCKATOO,612000,655000,720300,731000,786000,20,15,24,109,28.4,7.5
COHUNA,250000,247500,260000,267500,235000,15,20,12,81,-6,-12.1
COLAC,366000,390000,410000,420000,468500,43,45,51,251,28,11.5
COLDSTREAM,640000,670000,765000,740000,853800,7,5,10,41,33.4,15.4
COLERAINE,154500,149400,160000,210000,195000,5,5,5,28,26.2,-7.1
COLLINGWOOD,1155000,1228000,1225000,1231000,1263000,13,12,21,67,9.4,2.6
CONNEWARRE,1680000,1565000,1662500,1710000,2057500,8,3,2,24,22.5,20.3
COOLAROO,473800,470000,510000,500000,515000,16,5,15,59,8.7,3
COONANS HILL,1185000,1250000,1190000,1112500,1287000,12,8,9,55,8.6,15.7
COONGULLA,265000,280000,210000,280000,473300,1,3,2,15,NA,69
CORINELLA,542500,590000,602300,690000,743000,17,9,10,61,37,7.7
CORIO,395000,420000,430000,470000,510000,74,82,92,408,29.1,8.5
CORONET BAY,465000,438500,525000,545000,520000,13,10,19,63,11.8,-4.6
CORRYONG,230000,165000,261000,240000,300000,14,5,9,48,30.4,25
COWES,618000,699500,695000,995000,960000,13,11,22,81,55.3,-3.5
COWES WEST,579500,640000,670000,735000,835000,49,31,47,268,44.1,13.6
CRAIGIEBURN,570000,590000,620000,622500,650000,355,289,327,"1,668",14,4.4
CRANBOURNE,518000,585000,605000,610000,655000,97,109,113,543,26.4,7.4
CRANBOURNE EAST,607800,640000,637800,663000,704000,109,96,98,518,15.8,6.2
CRANBOURNE NORTH,590000,634800,630000,680000,683600,132,91,102,532,15.9,0.5
CRANBOURNE SOUTH,622500,642500,710000,665000,780000,5,7,9,33,25.3,17.3
CRANBOURNE WEST,550000,585000,609000,628400,665000,117,92,119,542,20.9,5.8
CREMORNE,1530000,1889000,1600000,1397500,1398700,21,12,12,64,-8.6,0.1
CRESWICK,400000,431800,505000,470000,520000,17,13,21,85,30,10.6
CRIB POINT,605000,700000,795000,745000,857500,18,18,19,84,41.7,15.1
CROYDON,847500,860900,900000,940000,1022500,84,78,112,451,20.7,8.8
CROYDON HILLS,892800,1000000,1090500,1180000,1165000,26,16,30,109,30.5,-1.3
CROYDON NORTH,850000,975000,990000,1070000,1162500,25,21,40,143,36.8,8.6
CROYDON SOUTH,749500,862800,915000,870000,965000,23,9,34,107,28.8,10.9
CURLEWIS,590000,577500,640000,710000,700000,37,30,23,149,18.6,-1.4
DALLAS,486300,527500,490000,545000,542700,34,19,34,123,11.6,-0.4
DALYSTON,452500,485000,540000,645000,619500,13,7,10,53,36.9,-4
DANDENONG,632500,690000,700000,674500,721000,53,46,59,258,14,6.9
DANDENONG NORTH,638800,705000,720000,725000,755000,73,53,97,368,18.2,4.1
DARLEY,555000,570000,625000,646500,660000,57,30,48,231,18.9,2.1
DAYLESFORD,865000,790000,850000,787500,900000,29,16,27,130,4,14.3
DEANSIDE,651000,790500,474000,590000,620000,12,20,21,61,-4.8,5.1
DEEPDENE,2685000,3480000,3042500,4194000,2731500,8,4,8,32,1.7,-34.9
DEER PARK,592000,620000,623000,617500,650000,75,56,83,329,9.8,5.3
DELACOMBE,413300,477500,475000,560000,585000,27,21,34,154,41.5,4.5
DELAHEY,573500,598000,672000,622500,676000,21,22,36,125,17.9,8.6
DENNINGTON,383500,440000,494500,543000,555000,20,10,15,72,44.7,2.2
Derrimut,695500,735000,708500,706500,747500,24,16,26,110,7.5,5.8
DERRINALLUM,340000,317000,275000,261000,280000,2,5,1,13,-17.6,7.3
DIAMOND CREEK,896000,915000,1023000,997500,1053500,35,30,60,205,17.6,5.6
DIGGERS REST,565000,530000,605000,615000,650000,19,21,27,126,15,5.7
DIMBOOLA,169500,195000,205000,196500,196500,11,10,10,43,15.9,0
DINGLEY VILLAGE,960000,980000,1057300,1067500,1123000,36,18,42,157,17,5.2
DINNER PLAIN,600000,630000,705000,855000,950000,9,3,7,34,58.3,11.1
DONALD,188800,140000,211000,189000,152000,10,12,10,52,-19.5,-19.6
DONCASTER,1302000,1386000,1460000,1480000,1538000,91,57,102,373,18.1,3.9
DONCASTER EAST,1276500,1435000,1489000,1500000,1560800,107,89,104,455,22.3,4.1
DONNYBROOK,592000,600000,591000,625000,635000,24,32,16,101,7.3,1.6
DONVALE,1230000,1219000,1320000,1430000,1410000,41,19,37,152,14.6,-1.4
DOREEN,660000,676500,700000,705600,740500,156,102,182,702,12.2,4.9
DOVETON,521000,541000,585000,595000,615000,77,46,65,287,18,3.4
DROMANA,798300,881000,975000,925000,1165500,39,23,50,206,46,26
DROUIN,505000,538500,562500,580000,613300,86,82,94,442,21.4,5.7
DRYSDALE,627500,647000,690000,760000,825000,23,13,28,117,31.5,8.6
DUNKELD,295000,295000,522500,444000,595300,4,1,8,14,101.8,34.1
DUNOLLY,198500,270000,244000,265000,260000,6,1,5,25,31,-1.9
EAGLE POINT,385000,404500,450000,397500,419000,8,8,9,48,8.8,5.4
EAGLEHAWK,367500,394000,438000,474000,470000,38,26,40,181,27.9,-0.8
EAGLEMONT,2540000,2175000,2677000,2365000,2821900,10,8,18,64,11.1,19.3
EAST BAIRNSDALE,307000,315000,310000,419000,390000,8,9,5,34,27,-6.9
EAST BENDIGO,377500,341000,590000,517500,430000,11,10,3,51,13.9,-16.9
EAST GEELONG,800000,740000,836000,991000,945000,16,16,25,91,18.1,-4.6
EAST MELBOURNE,3087500,3725000,4950000,1792500,2900000,3,2,5,24,-6.1,61.8
EAST WARBURTON,402500,606500,597500,612500,714000,2,2,10,21,77.4,16.6
EASTWOOD,460000,467500,475000,594000,610000,21,16,21,87,32.6,2.7
ECHUCA,435800,460000,441000,415000,576000,86,53,77,376,32.2,38.8
EDENHOPE,139000,206300,223400,200500,232500,7,8,8,45,67.3,16
EDITHVALE,1100000,1270000,1211000,1205000,1200000,15,15,15,86,9.1,-0.4
EILDON,285000,390000,325000,335000,395000,15,11,9,52,38.6,17.9
ELLIMINYT,481500,485000,584500,515000,490000,10,6,17,50,1.8,-4.9
ELMORE,223500,322500,337000,360000,312500,2,6,10,24,39.8,-13.2
ELSTERNWICK,2022500,2150000,2107500,1755000,2412500,28,15,26,116,19.3,37.5
ELTHAM,1078000,1100200,1165000,1282600,1300000,45,42,91,293,20.6,1.4
ELTHAM NORTH,1070000,1134000,1160000,1425000,1350000,23,27,26,129,26.2,-5.3
ELWOOD,2175000,2100000,2055000,2400000,2267500,40,25,52,190,4.3,-5.5
EMERALD,770000,822500,845000,922000,911500,21,21,18,111,18.4,-1.1
ENDEAVOUR HILLS,690000,730000,735000,730500,830000,97,47,81,388,20.3,13.6
EPPING,577300,600000,640000,650000,700000,120,77,142,554,21.3,7.7
EPSOM,460000,470000,516000,562500,580000,30,22,21,129,26.1,3.1
ESKDALE,350000,350000,299000,299000,325000,5,0,1,7,-7.1,NA
ESSENDON,1657500,1608000,1750000,1870000,1750000,69,46,82,320,5.6,-6.4
ESSENDON NORTH,1254000,1190000,1400000,1617500,1275000,12,4,10,43,1.7,-21.2
ESSENDON WEST,1260000,1245000,1270000,1307500,1475000,15,4,7,36,17.1,12.8
EUMEMMERRING,680200,666300,675000,646000,605000,3,9,7,30,-11.1,-6.3
EUREKA,561000,379000,491000,449000,420000,5,6,4,27,-25.1,-6.5
EUROA,330000,390000,372000,379000,517500,17,23,20,92,56.8,36.5
EYNESBURY,625000,612500,715000,662500,685000,16,23,19,97,9.6,3.4
FAIRFIELD,1413000,1577500,1542000,1905500,2001000,13,10,20,77,41.6,5
FAIRHAVEN,1525000,1910000,1685500,1805000,2662500,10,3,8,34,74.6,47.5
FAWKNER,720000,787500,820000,830000,840000,40,25,46,192,16.7,1.2
FERNTREE GULLY,760000,820000,830800,882000,930000,96,71,123,471,22.4,5.4
FERNY CREEK,1052500,1200000,847000,931000,1180000,5,6,11,37,12.1,26.7
FINGAL,1305000,1530000,1837500,1885000,1887500,8,5,6,39,44.6,0.1
FITZROY,1425000,1420000,1400000,1438000,1545000,31,20,40,146,8.4,7.4
FITZROY NORTH,1565000,1805000,1740000,1720000,1665000,31,21,60,186,6.4,-3.2
FIVEWAYS,535000,635000,1057500,738300,906000,2,4,4,19,NA,22.7
FLEMINGTON,1215000,1050000,1225000,1332500,1251000,20,18,20,103,3,-6.1
FLINDERS,2052500,2062500,3460000,2700000,2635000,6,5,9,34,28.4,-2.4
FLORA HILL,422500,415000,460000,505000,552600,14,22,32,119,30.8,9.4
FLOWERDALE,412500,355000,435000,500000,600000,5,1,3,16,45.5,20
FOOTSCRAY,920500,853500,950000,985500,1107500,49,24,58,225,20.3,12.4
FOREST HILL,980500,1068500,1180100,1230000,1336500,41,29,48,184,36.3,8.7
FOSTER,391800,407000,456000,452500,500000,6,6,7,45,27.6,10.5
FRANKSTON,640000,680000,746800,769000,795000,174,152,211,909,24.2,3.4
FRANKSTON NORTH,468500,530000,575000,599500,610000,45,46,33,188,30.2,1.8
FRANKSTON SOUTH,898800,995000,1082500,1245000,1236000,98,79,101,495,37.5,-0.7
FRASER RISE,630000,642000,705000,668800,700000,59,32,45,208,11.1,4.7
FYANSFORD,795000,770000,845000,832500,862500,8,8,6,29,8.5,3.6
GARDEN CITY,1925000,2610000,2095000,1700000,2038800,4,1,8,21,5.9,19.9
GARFIELD,580000,659000,690000,657500,805000,7,8,14,46,38.8,22.4
GEELONG,746300,832500,950000,1014500,950000,31,19,16,110,27.3,-6.4
GEELONG WEST,765000,815000,825500,895000,980000,50,35,39,203,28.1,9.5
GEMBROOK,730000,705000,922500,700000,863500,4,4,10,29,18.3,23.4
GISBORNE,860000,867500,967000,900000,968500,27,24,36,188,12.6,7.6
GLADSTONE PARK,650000,701000,720000,730000,750000,48,24,46,177,15.4,2.7
GLEN HUNTLY,1533000,1308000,2100000,2002500,1805000,3,4,2,18,17.7,-9.9
GLEN IRIS,2200000,2290000,2637500,2125000,2537500,73,41,124,394,15.3,19.4
GLEN WAVERLEY,1329500,1425000,1600000,1605000,1600000,139,92,154,634,20.3,-0.3
GLENGARRY,404000,453500,430000,529000,492000,3,3,5,13,NA,-7
GLENROWAN,390300,240000,240000,590300,465000,0,4,4,15,19.2,-21.2
GLENROY,777500,822500,825000,850000,877500,63,56,66,297,12.9,3.2
GOLDEN BEACH,270000,310000,311300,375000,345000,6,6,4,44,27.8,-8
GOLDEN POINT (BALLARAT),450000,434500,563000,467500,546000,14,16,25,89,21.3,16.8
GOLDEN SQUARE,408000,457000,440000,490000,524000,70,43,57,277,28.4,6.9
GORDON,585000,707500,519300,755000,788000,6,3,5,21,34.7,4.4
GOUGHS BAY,387500,480000,589000,499300,595000,4,4,7,28,53.5,19.2
GOWANBRAE,691000,885000,998800,936000,1025500,6,7,6,33,48.4,9.6
GRANTVILLE,470000,502500,547500,495000,585000,8,11,7,45,24.5,18.2
GREEN LAKE,335000,354000,350000,360000,460000,3,3,5,26,37.3,27.8
GREENSBOROUGH,865000,907000,975500,1072000,1060000,90,50,111,393,22.5,-1.1
GREENVALE,722000,770000,810000,850000,846300,83,83,106,410,17.2,-0.4
GROVEDALE,570800,610000,620000,681500,695000,69,47,81,316,21.8,2
HADFIELD,780000,820000,900000,890000,905000,35,20,20,136,16,1.7
HALLAM,612500,665000,713500,695000,706500,42,22,32,146,15.3,1.7
HALLS GAP,421300,358500,455000,375000,510000,2,5,5,16,21.1,36
HAMILTON,289000,318500,320000,347500,372000,81,56,78,372,28.7,7.1
HAMLYN HEIGHTS,600000,675600,698000,686000,760000,46,23,43,190,26.7,10.8
HAMPTON,2175000,2300000,2180000,2615000,2556500,50,38,60,254,17.5,-2.2
HAMPTON EAST,1310000,1418000,1600000,1482500,1550000,21,12,23,105,18.3,4.6
HAMPTON PARK,550000,595000,595000,627500,658000,103,73,112,481,19.6,4.9
HARCOURT,570000,490000,637500,644000,687500,6,4,4,18,NA,6.8
HARKNESS,509000,521000,520000,545000,570000,67,69,77,337,12,4.6
HASTINGS,567500,590000,640000,650000,723100,45,37,36,196,27.4,11.3
HASTINGS WEST,465000,480000,572500,560000,647000,10,3,13,47,39.1,15.5
HAWTHORN,2005000,3455000,2545000,2650000,2971000,54,25,77,246,48.2,12.1
HAWTHORN EAST,2263500,2050000,2860000,2107500,2210000,43,26,50,208,-2.4,4.9
HEALESVILLE,635200,690000,757500,835000,750000,22,19,29,119,18.1,-10.2
HEATHCOTE,392500,375000,362500,390000,485000,18,17,13,85,23.6,24.4
HEATHERTON,992500,1040000,1155000,1135000,1242500,10,7,6,52,25.2,9.5
HEATHMONT,930000,1030000,1061000,1079500,1111000,31,30,53,167,19.5,2.9
HEIDELBERG,1320000,1318000,1382500,1425000,1572500,14,13,24,87,19.1,10.4
HEIDELBERG HEIGHTS,800000,960000,1000000,974500,1065000,38,14,27,128,33.1,9.3
HEIDELBERG WEST,740000,730000,780500,885000,850000,25,12,30,111,14.9,-4
HEPBURN,540000,607500,667500,782500,757500,2,5,4,24,40.3,-3.2
HEPBURN SPRINGS,730000,710000,785000,767500,897000,3,4,5,27,22.9,16.9
HERNE HILL,625000,666000,700000,767500,801000,28,14,19,100,28.2,4.4
HEYFIELD,275000,320000,320000,294500,370000,13,14,16,77,34.5,25.6
HEYWOOD,215000,236800,240000,222500,264500,3,8,12,44,23,18.9
HIGHETT,1390000,1496000,1622000,1572500,1600000,46,24,33,184,15.1,1.7
HIGHTON,772000,871500,875500,908500,900100,112,85,125,511,16.6,-0.9
HILLSIDE (MELTON),695000,727500,720000,717500,770000,65,52,68,295,10.8,7.3
HOPETOUN,171000,144500,126000,150000,159000,8,3,5,26,-7,6
HOPPERS CROSSING,560000,545000,580000,600000,609000,179,144,196,773,8.7,1.5
HORSHAM,285000,324500,325000,347500,389000,95,94,119,531,36.5,11.9
HUGHESDALE,1052500,1387700,1409000,1367500,1611000,5,6,27,60,53.1,17.8
HUNTINGDALE,1172000,1402000,1288000,1244000,1295300,5,2,6,23,10.5,4.1
HUNTLY,435000,447500,480000,480000,542500,20,17,22,89,24.7,13
HURSTBRIDGE,840000,860000,943000,1010000,893000,12,9,14,56,6.3,-11.6
INDENTED HEAD,615000,682500,732000,750000,860000,17,11,11,65,39.8,14.7
INGLEWOOD,200000,317500,277500,333800,340000,4,4,7,25,70,1.9
INVERLOCH,690000,842500,900000,855000,1020000,56,39,55,313,47.8,19.3
INVERMAY PARK,550000,667500,655000,642500,800000,9,4,7,31,45.5,24.5
IRONBARK,495000,523800,472500,497500,670000,12,6,8,39,35.4,34.7
IRYMPLE,417800,417500,440000,415000,493700,13,15,20,73,18.2,19
IVANHOE,1640000,1830000,1670000,1781800,2100000,33,20,35,130,28,17.9
IVANHOE EAST,1910000,2237500,2415000,2000000,2502500,17,7,16,57,31,25.1
JACANA,549000,595000,640000,620000,640000,11,9,17,58,16.6,3.2
JACKASS FLAT,420000,447500,440000,486000,532500,18,13,14,80,26.8,9.6
JAN JUC,1140000,1363100,1310000,1440000,1325000,17,17,15,88,16.2,-8
JEERALANG NORTH,248800,265000,267500,289500,316500,10,6,4,39,27.2,9.3
JEPARIT,101500,105000,116300,110000,139500,8,5,10,28,37.5,26.8
JUNCTION VILLAGE,532500,610000,600700,595500,615000,2,4,6,23,15.5,3.3
JUNORTOUN,717500,655000,650000,697500,842500,7,6,8,38,17.4,20.8
KALIMNA,388000,385000,476300,509000,477500,10,10,16,66,23.1,-6.2
KALKALLO,556700,590000,620000,607500,645000,47,50,43,230,15.9,6.2
KALLISTA,690000,799500,900000,838500,1035000,5,2,9,21,50,23.4
KALORAMA,765000,827500,780000,848500,802500,7,4,6,31,4.9,-5.4
KANGAROO FLAT,405000,390000,465000,466000,507800,59,58,68,300,25.4,9
KANGAROO GROUND SOUTH,1025000,1108000,1177500,1172500,1275000,4,3,13,34,24.4,8.7
KANIVA,174000,174000,168000,211500,165000,7,4,9,26,-5.2,-22
KATANDRA WEST,180000,262500,262500,335000,387500,0,1,6,10,115.3,15.7
KEALBA,600000,650000,645000,722500,665000,20,6,11,52,10.8,-8
KEILOR,895500,990000,1100000,1081000,1070300,21,20,38,112,19.5,-1
KEILOR DOWNS,681300,754000,725000,820000,850000,21,23,33,123,24.8,3.7
KEILOR EAST,870000,922500,923500,1000000,1060000,68,47,99,323,21.8,6
KEILOR LODGE,757500,838000,820000,895000,710000,1,4,3,16,-6.3,-20.7
KEILOR PARK,735000,775000,793300,795000,890000,18,8,15,60,21.1,11.9
KENNINGTON,429000,510000,480000,550000,590000,34,23,34,143,37.5,7.3
KENSINGTON,1200000,1017000,1180000,1254000,1192500,35,30,52,184,-0.6,-4.9
KERANG,231300,240000,238500,235000,240000,32,33,30,145,3.8,2.1
KEW,2300000,2967500,2800000,2300000,2580000,94,31,107,388,12.2,12.2
KEW EAST,1732500,1970000,2120000,1650000,1860000,3,1,2,14,7.4,12.7
KEW NORTH,1770000,2041000,2021000,2100000,2032500,18,9,26,94,14.8,-3.2
KEYSBOROUGH,798400,835000,854500,1050000,972000,108,75,115,482,21.7,-7.4
KIALLA,505000,512000,525000,630000,595000,44,25,32,179,17.8,-5.6
KILCUNDA,781000,842500,1210000,840000,1250000,2,6,5,27,60.1,48.8
KILLARA (WODONGA),502000,478000,521000,605000,630000,13,13,15,62,25.5,4.1
KILMORE,495000,517500,549000,510000,620000,44,35,43,201,25.3,21.6
KILSYTH,700000,695000,763000,838000,860000,40,25,46,215,22.9,2.6
KILSYTH SOUTH,880000,895000,920000,953500,1181000,7,5,12,38,34.2,23.9
KINGLAKE,600000,665000,585000,600000,715000,7,4,6,28,19.2,19.2
KINGS PARK,562500,565400,605000,601000,632500,27,25,26,128,12.4,5.2
KINGSBURY,766300,790000,857500,817500,897500,7,8,18,48,17.1,9.8
KINGSVILLE,1030000,1175000,1220000,1190000,1435000,23,16,18,87,39.3,20.6
KNOXFIELD,842500,930000,967500,1050000,1020000,38,11,26,120,21.1,-2.9
KOO WEE RUP,600000,600000,590500,610000,635000,16,16,18,95,5.8,4.1
KOONDROOK,254000,322500,270000,260000,335500,5,1,8,23,32.1,29
KOOYONG,3420000,5625000,3150000,3150000,3150000,3,0,0,10,NA,NA
KOROIT,445000,505000,512500,450000,600000,8,13,11,56,34.8,33.3
KORUMBURRA,407500,480000,399500,515000,550000,32,20,39,157,35,6.8
KURUNJANG,432500,441500,460000,516000,515000,54,48,66,274,19.1,-0.2
KYABRAM,285000,279000,300000,295000,360000,36,27,38,167,26.3,22
KYNETON,645500,755000,726300,725000,845000,34,27,33,150,30.9,16.6
LAKE BOGA,319500,265000,282500,475000,337500,2,4,6,19,5.6,-28.9
LAKE BOLAC,184000,184000,280000,280000,276000,3,0,2,11,50,NA
LAKE GARDENS,440000,635000,757500,675000,710000,6,13,17,61,61.4,5.2
LAKE TYERS BEACH,485000,479000,440000,512500,625000,5,6,9,41,28.9,22
LAKE WENDOUREE,1230000,1212500,1252000,1198800,1295000,13,11,9,68,5.3,8
LAKES ENTRANCE,390000,376000,443800,435000,460000,52,32,41,232,17.9,5.7
LALOR,645000,675800,682500,723500,731300,90,63,90,369,13.4,1.1
LANCEFIELD,535000,586300,687500,717500,672500,12,11,9,54,25.7,-6.3
LANG LANG,550000,540000,660000,637500,691300,15,16,22,74,25.7,8.4
LANGWARRIN,688800,717500,818000,856500,850000,88,65,95,444,23.4,-0.8
LARA,507500,680000,630000,692500,720000,27,10,25,91,41.9,4
LARA LAKE,586500,600000,670500,671500,702500,47,48,60,248,19.8,4.6
LAUNCHING PLACE,592500,694000,665000,718000,716000,9,2,13,40,20.8,-0.3
LAVERTON,567500,577500,590000,620000,640000,29,19,31,141,12.8,3.2
LAVERTON SOUTH,656500,696500,708000,730000,775000,31,19,37,147,18.1,6.2
LEITCHVILLE,145000,220000,262000,146000,222500,1,5,2,12,53.4,52.4
LENEVA,485000,486000,540000,617500,597500,13,8,10,51,23.2,-3.2
LEONGATHA,475000,505000,516000,495000,547500,36,37,26,179,15.3,10.6
LEOPOLD,542000,575000,650000,650500,715000,68,61,72,345,31.9,9.9
LILYDALE,757000,802500,828800,860000,916500,68,45,88,318,21.1,6.6
LINDENOW,292500,306000,306000,465000,450000,0,4,1,13,53.8,-3.2
LISMORE,182500,180000,163000,177500,177500,4,4,0,15,NA,NA
LOCH SPORT,261300,304500,320000,312300,345500,27,18,26,144,32.2,10.6
LONG GULLY,340000,347500,403000,399000,403000,24,24,24,122,18.5,1
LONGWARRY,425000,474000,505000,500000,549000,32,17,22,105,29.2,9.8
LORNE,1450000,1650000,1495000,2252500,1830000,7,8,11,57,26.2,-18.8
LOVELY BANKS,567500,636300,675000,715000,673500,8,6,6,36,18.7,-5.8
LOWER PLENTY,860000,855300,1220000,1445000,1324000,14,4,10,38,54,-8.4
LUCAS,505000,565000,535000,670000,600000,19,27,25,137,18.8,-10.4
LUCKNOW,280800,302500,359000,395000,410000,5,5,3,27,46,3.8
LYNBROOK,700000,765000,711000,760000,732000,17,21,19,112,4.6,-3.7
LYNDHURST,716000,808100,757000,880000,871500,45,27,52,198,21.7,-1
LYSTERFIELD,1047200,1115500,952000,1170000,1248000,32,19,22,120,19.2,6.7
LYSTERFIELD SOUTH,1430000,1580000,1007000,1800000,1745000,1,2,7,17,22,-3.1
MACEDON,920000,1045000,1185000,1160000,1000000,8,3,5,31,8.7,-13.8
MACLEOD,981300,1160000,1078800,1175500,1237500,26,18,30,123,26.1,5.3
MADDINGLEY,527500,560000,544500,572500,595000,26,24,33,146,12.8,3.9
MAFFRA,322500,315000,322500,360000,382500,32,34,34,169,18.6,6.3
MAIDEN GULLY,646300,640000,712000,760000,755000,19,17,17,94,16.8,-0.7
MAIDSTONE,840000,795000,880000,907500,845000,31,18,35,135,0.6,-6.9
MALDON,578000,560000,640000,755000,624500,21,15,10,79,8,-17.3
MALLACOOTA,482500,520000,365000,350800,592000,7,10,13,54,22.7,68.8
MALMSBURY,462500,722500,625000,505000,790000,5,2,15,28,70.8,56.4
MALVERN,3230000,2645000,2850000,2925000,3505000,36,30,49,191,8.5,19.8
MALVERN EAST,1970500,2065000,2035000,1980000,2322500,79,50,90,352,17.9,17.3
MAMBOURIN,-,623000,560000,580000,627500,2,7,10,20,0,8.2
MANIFOLD HEIGHTS,785000,923000,880000,950500,964800,15,6,10,63,22.9,1.5
MANOR LAKES,600000,570000,595500,600000,626000,80,61,58,332,4.3,4.3
MANSFIELD,520000,590000,589000,610000,760000,21,29,26,155,46.2,24.6
MARENGO,750000,1000000,1230000,980000,1100000,3,2,1,14,46.7,12.2
MARIBYRNONG,908000,1222500,980000,1165000,1285000,39,16,33,166,41.5,10.3
MARLO,405000,370000,482500,352500,565000,6,2,1,18,39.5,60.3
MARONG,465000,462500,530000,605000,650500,8,5,10,46,39.9,7.5
MARSHALL,512000,538800,585000,630000,671300,9,6,8,44,31.1,6.5
MARYBOROUGH,289500,306300,337500,333000,375000,65,49,59,281,29.5,12.6
MARYSVILLE,466300,670000,695000,615000,645000,3,1,4,23,38.3,4.9
MCCRAE,1300000,1150000,1125000,1250000,1080000,28,22,29,131,-16.9,-13.6
MCKENZIE HILL,549000,637000,722500,712500,750000,6,4,7,30,36.6,5.3
MCKINNON,1850000,1827500,1980000,1960500,2050000,25,10,18,88,10.8,4.6
MCLOUGHLINS BEACH,317000,250000,280000,365000,275000,3,3,3,21,-13.2,-24.7
MEADOW HEIGHTS,500000,520000,557500,550000,579000,44,37,54,194,15.8,5.3
MELTON,396500,430000,445000,457500,496300,40,45,58,228,25.2,8.5
MELTON SOUTH,435000,439000,451000,455000,495000,68,55,83,359,13.8,8.8
MELTON WEST,490000,500000,488000,505500,532000,60,42,77,276,8.6,5.2
MENTONE,1062500,1352500,1365000,1431000,1410000,45,20,41,175,32.7,-1.5
MENZIES CREEK,915000,750500,960000,990000,1225000,2,5,5,17,33.9,23.7
MERBEIN,246000,285000,215300,195000,299300,12,15,10,62,21.6,53.5
MERINDA PARK,535000,565000,589000,640000,665000,16,11,14,68,24.3,3.9
MERNDA,587500,625000,651000,655000,700000,118,112,132,579,19.1,6.9
MERRIJIG (MANSFIELD),667500,900000,637500,940000,908500,2,5,6,17,36.1,-3.4
METUNG,355000,467000,675000,560000,565000,9,16,17,71,59.2,0.9
MICKLEHAM,575000,600000,620000,661000,660000,134,94,153,626,14.8,-0.2
MIDDLE PARK,2875000,3400000,2819000,2710000,3267500,16,16,20,84,13.7,20.6
MILDURA,355000,359000,355000,382500,410300,202,178,230,"1,005",15.6,7.3
MILL PARK,691000,720000,725000,790000,801800,104,53,120,437,16,1.5
MILLGROVE,430500,475000,540000,490000,618800,17,7,12,61,43.7,26.3
MINERS REST,475500,445000,525000,525000,600000,17,17,25,100,26.2,14.3
MINYIP,122500,95000,172500,124500,244500,2,2,4,12,99.6,96.4
MIRBOO NORTH,402500,435500,525000,512500,493000,8,8,7,47,22.5,-3.8
MITCHAM,1135000,1206500,1214000,1221000,1235000,54,29,60,221,8.8,1.1
MOE,260000,280000,301000,320000,340000,61,57,59,295,30.8,6.3
MONBULK,720000,740000,745000,598500,852500,13,2,12,62,18.4,42.4
MONT ALBERT,2204400,1924000,2261300,2730000,2800000,10,7,20,55,27,2.6
MONT ALBERT NORTH,1437000,1429000,1600000,1763000,1530000,33,13,29,111,6.5,-13.2
MONTMORENCY,911000,930000,1178500,1161000,1260000,20,19,35,140,38.3,8.5
MONTROSE,741000,787800,825500,927000,890000,30,15,24,125,20.1,-4
MOONEE PONDS,1332500,1590000,1512000,1490000,1570000,39,47,61,228,17.8,5.4
MOORABBIN,1160000,1274500,1318000,1377500,1455000,24,16,35,114,25.4,5.6
MOOROOLBARK,730000,771100,823000,852500,891000,105,61,113,455,22.1,4.5
MOOROOPNA,310000,265000,317500,361500,370000,58,40,44,221,19.4,2.4
MORDIALLOC,1282500,1320000,1500000,1291800,1502500,23,18,26,103,17.2,16.3
MORNINGTON,955000,1005000,1112500,1045000,1145000,120,106,128,654,19.9,9.6
MORTLAKE,312000,277000,290500,350000,365000,12,6,9,55,17,4.3
MORWELL,225000,235000,266500,275000,317500,120,121,100,603,41.1,15.5
MOUNT BEAUTY,355500,411000,435000,535000,565000,7,4,5,40,58.9,5.6
MOUNT CLEAR,425000,505000,470000,550000,566000,17,16,13,78,33.2,2.9
MOUNT DANDENONG,927500,842000,785000,930000,915000,7,5,5,32,-1.3,-1.6
MOUNT DUNEED,610000,625000,705000,769000,805000,34,41,28,186,32,4.7
MOUNT EGERTON,344000,330000,577800,580000,450000,2,6,1,12,30.8,-22.4
MOUNT ELIZA,1450000,1631500,1650000,1700000,1740000,109,71,119,534,20,2.4
MOUNT EVELYN,708000,807500,778000,850000,866300,30,15,41,163,22.4,1.9
MOUNT HELEN,514000,600000,593000,655000,617500,10,10,14,67,20.1,-5.7
MOUNT MACEDON,1050000,2200000,1575000,960000,1701000,7,2,8,27,62,77.2
MOUNT MARTHA,1545000,1675000,1935000,1985000,2100000,27,12,31,157,35.9,5.8
MOUNT PLEASANT,420000,420000,460000,511300,525000,9,16,14,66,25,2.7
MOUNT WAVERLEY,1261500,1430000,1525000,1555500,1552500,125,92,145,562,23.1,-0.2
MULGRAVE,903000,955000,990000,1040000,1065000,83,51,95,365,17.9,2.4
MURRUMBEENA,1375000,1615000,1635000,1676500,1700000,13,20,31,116,23.6,1.4
MURTOA,129000,128000,133000,222300,159500,10,3,6,28,23.6,-28.2
MYRTLEFORD,385000,430000,501000,580000,606000,17,7,20,74,57.4,4.5
NAGAMBIE,440500,492500,540000,465000,650000,11,11,16,56,47.6,39.8
NARRE WARREN,623500,642000,692500,720000,740000,116,91,132,614,18.7,2.8
NARRE WARREN NORTH,1200000,1201000,1440000,1402500,1450000,16,12,17,74,20.8,3.4
NARRE WARREN SOUTH,685000,715000,740000,760000,815500,133,95,130,599,19.1,7.3
NATHALIA,262000,292500,280000,262500,242500,14,8,8,57,-7.4,-7.6
NEERIM SOUTH,455000,505000,647500,470000,570000,6,7,3,30,25.3,21.3
NELSON,190000,270000,355000,399000,402500,4,3,2,19,111.8,0.9
NERRINA,665000,602500,595000,530000,642500,3,3,8,29,-3.4,21.2
NEW GISBORNE,802000,768500,752500,725000,945000,2,7,7,32,17.8,30.3
NEWBOROUGH,315000,350000,345000,365000,389000,37,31,38,172,23.5,6.6
NEWCOMB,525000,520000,568500,590000,665000,22,29,22,118,26.7,12.7
NEWHAVEN,656500,825000,669000,669000,1205300,1,0,2,12,83.6,NA
NEWINGTON,820000,797000,897500,618800,725000,10,10,13,50,-11.6,17.2
NEWLANDS ARM,464000,605000,475000,479000,699500,3,7,4,25,50.8,46
NEWPORT,1125000,1150000,1333500,1408800,1310000,56,26,69,258,16.4,-7
NEWSTEAD,672500,525000,539000,515000,648800,3,3,4,15,-3.5,26
NEWTOWN (GREATER GEELONG),970000,963500,1070000,1362500,1280000,51,36,59,259,32,-6.1
NHILL,135000,140000,200000,197500,153000,20,12,13,76,13.3,-22.5
NICHOLS POINT,550000,540000,540000,381000,525000,0,2,5,14,-4.5,37.8
NIDDRIE,1150000,1152500,1125000,1295000,1301000,32,23,36,152,13.1,0.5
NOBLE PARK,725000,752000,760000,735000,770000,81,41,65,294,6.2,4.8
NOBLE PARK NORTH,672500,720000,740000,750000,790000,33,33,29,138,17.5,5.3
NORLANE,375800,420000,445000,473500,470000,50,60,70,295,25.1,-0.7
NORTH BENDIGO,410000,410100,470500,485000,477800,24,25,30,122,16.5,-1.5
NORTH GEELONG,502500,635000,542500,650000,636000,14,11,12,79,26.6,-2.2
NORTH MELBOURNE,1194000,1315000,1440000,1045000,1397500,23,15,38,102,17,33.7
NORTH SHORE,615000,580000,660000,601000,730000,3,3,6,18,18.7,21.5
NORTH WONTHAGGI,422000,449500,529500,635000,605000,28,26,25,129,43.4,-4.7
NORTHCOTE,1423500,1587000,1657800,1748500,1695000,56,44,96,329,19.1,-3.1
NOTTING HILL,981000,980000,1167500,1282000,1163000,4,3,10,23,18.6,-9.3
NUMURKAH,237300,315000,305000,302500,310000,37,22,32,148,30.7,2.5
NUNAWADING,1115000,1143000,1283000,1302500,1261500,38,20,31,144,13.1,-3.1
NYAH WEST,130000,165000,245000,206800,130000,2,6,4,19,0,-37.1
OAK PARK,955000,965000,1025000,1161000,1235500,28,20,33,118,29.4,6.4
OAKLEIGH,1350500,1311000,1421000,1240000,1462500,19,14,16,71,8.3,17.9
OAKLEIGH EAST,1000000,1122500,1260000,1184000,1150000,5,6,17,40,15,-2.9
OAKLEIGH SOUTH,1049000,1159000,1100000,1218900,1200000,24,25,35,124,14.4,-1.5
OCEAN GROVE,840000,885000,905500,1000000,1150000,104,115,109,596,36.9,15
OFFICER,581000,623000,640000,650000,690000,165,100,125,667,18.8,6.2
OFFICER SOUTH,580000,580000,717500,682500,703000,2,4,5,14,21.2,3
OLINDA,815000,1000500,1190000,910000,1125000,4,3,7,27,38,23.6
OMEO,295000,270000,260000,339000,570000,3,5,2,15,93.2,68.1
ORBOST,241000,257500,230000,235000,249000,22,15,13,104,3.3,6
ORMOND,1515000,1810000,1825000,2080000,2072500,20,11,22,85,36.8,-0.4
OSBORNE,875000,925000,1055000,1300000,1250000,27,19,35,157,42.9,-3.8
OUYEN,140000,144000,132500,140500,265000,8,10,6,51,89.3,88.6
PAKENHAM,543000,572000,585000,602000,635000,391,327,360,"1,741",16.9,5.5
PARADISE BEACH,234500,271000,297500,350000,375900,6,8,2,32,60.3,7.4
PARK ORCHARDS,1610000,1750000,1752000,1822500,2260000,7,7,11,45,40.4,24
PARKDALE,1215000,1500000,1412500,1527500,1599000,37,37,52,188,31.6,4.7
PARKVILLE,2440000,1546000,2200000,1705000,2430000,7,5,9,30,-0.4,42.5
PASCOE VALE,972500,1055000,1050000,995000,1062500,45,28,58,198,9.3,6.8
PASCOE VALE SOUTH,1075000,1240000,1205000,1315000,1351000,31,15,31,124,25.7,2.7
PATTERSON GARDENS,970000,1145000,1040900,1400000,1255000,8,1,8,33,29.4,-10.4
PATTERSON LAKES,1128000,1290000,1012500,1430000,1500000,30,19,23,124,33,4.9
PAYNESVILLE,392500,420000,455000,450000,490000,40,36,51,221,24.8,8.9
PEARCEDALE,645000,720000,870000,875000,934000,12,9,12,61,44.8,6.7
PENSHURST,227500,190000,180000,172500,172500,5,2,0,14,NA,NA
PLENTY,1203800,1670000,1167500,1380000,1725000,2,3,7,21,43.3,25
POINT COOK,694500,710000,729000,716500,770000,232,170,262,"1,057",10.9,7.5
POINT LONSDALE,880000,1015000,1431200,1327500,1530000,25,24,20,142,73.9,15.3
POOWONG,412500,487500,420000,670000,670000,7,1,0,14,NA,NA
POREPUNKAH,760000,724000,785000,688000,852500,3,4,3,20,12.2,23.9
PORT ALBERT,275000,359100,397500,450000,560500,4,3,4,19,103.8,24.6
PORT FAIRY,705000,892000,800000,1235000,1000000,15,15,21,110,41.8,-19
PORT MELBOURNE,1592500,1773500,1770000,1651000,1905000,56,23,52,224,19.6,15.4
PORT WELSHPOOL,315000,455000,455000,435000,435000,5,4,0,20,NA,NA
PORTARLINGTON,675000,765000,820000,875000,922500,29,27,24,168,36.7,5.4
PORTLAND,315000,330000,370000,360000,415000,71,56,54,320,31.7,15.3
PORTLAND NORTH,465000,589000,370000,370000,560000,3,0,4,17,20.4,NA
PORTSEA,2850000,3660000,2675000,3765000,5107500,14,10,12,85,79.2,35.7
PRAHRAN,1688500,1750000,1900000,1767500,1855000,35,18,55,195,9.9,5
PRESTON,1080000,1155000,1200000,1342500,1318000,87,62,95,400,22,-1.8
PRINCES HILL,2080500,1970000,1748000,2015000,2550000,8,7,9,35,22.6,26.6
QUARRY HILL,510000,482500,565000,502500,557500,15,7,15,68,9.3,10.9
QUEENSCLIFF,1322500,1550000,1350000,1280000,1250000,8,13,9,57,-5.5,-2.3
RAINBOW,90500,120000,112000,89000,130000,4,5,5,20,43.6,46.1
RAWSON,229300,310000,300000,340000,380000,5,4,5,19,65.8,11.8
RAYMOND ISLAND,383500,422500,560000,560000,655000,9,2,6,29,70.8,17
RED CLIFFS,285000,286000,320300,297500,348900,24,20,22,102,22.4,17.3
REDAN,422500,455000,450000,431000,560000,27,12,24,97,32.5,29.9
RESEARCH,875000,1067500,1228000,1085000,1150000,12,3,13,39,31.4,6
RESERVOIR,810000,891500,915000,970000,980000,185,101,158,737,21,1
RHYLL,797800,786300,780000,790000,940000,7,6,7,34,17.8,19
RICHMOND,1405000,1380000,1461000,1510000,1510000,93,55,141,465,7.5,0
RIDDELLS CREEK,690000,740000,767500,955000,957500,12,7,14,57,38.8,0.3
RINGWOOD,900000,958000,1005000,1018000,1080000,61,37,57,265,20,6.1
RINGWOOD EAST,850000,947500,1120000,1014000,1085500,31,14,46,144,27.7,7.1
RINGWOOD NORTH,1015500,1035000,1200000,1161000,1240000,40,29,53,196,22.1,6.8
RIPPLESIDE,752000,757000,1001000,1237500,1251500,3,6,6,25,66.4,1.1
ROBINVALE,273500,340000,305000,260000,403000,11,5,8,43,47.3,55
ROCHESTER,255000,294000,300000,440900,420000,23,15,19,97,64.7,-4.7
ROCKBANK,460000,545000,540000,571000,610000,22,11,31,102,32.6,6.8
ROMSEY,642500,755000,730000,832500,845000,28,20,29,136,31.5,1.5
ROSANNA,1160000,1283800,1325000,1520000,1416500,27,17,34,123,22.1,-6.8
ROSEBUD,627000,702500,783800,800000,827500,83,62,76,386,32,3.4
ROSEBUD SOUTH,624400,822500,947500,960000,1153000,22,30,32,184,84.7,20.1
ROSEDALE,247500,370000,350000,377500,297500,7,12,2,46,20.2,-21.2
ROWVILLE,867500,907000,953400,1065000,1122500,145,88,118,556,29.4,5.4
ROXBURGH PARK,580000,580000,625000,606500,640000,101,60,97,413,10.3,5.5
RUSHWORTH,239800,320000,382500,221800,302000,6,4,9,36,26,36.2
RUTHERGLEN,375000,360000,400000,351000,455000,17,9,17,65,21.3,29.6
RYE,902000,951900,1053500,1205000,1164000,116,82,116,573,29,-3.4
SAFETY BEACH,858000,945000,1060000,1360000,1300000,32,27,55,223,51.5,-4.4
SAILORS GULLY,310000,336000,379800,467500,472600,9,4,3,25,52.5,1.1
SALE,361500,370000,392500,423800,461500,122,86,100,518,27.7,8.9
SAN REMO,698000,790000,865000,677000,1075000,13,7,8,60,54,58.8
SANCTUARY LAKES,650000,692500,692000,717500,740000,157,102,172,684,13.8,3.1
SANDHURST,802500,935000,945000,930000,970000,31,25,31,156,20.9,4.3
SANDRINGHAM,1852500,2065000,2500000,2390000,2412500,31,23,34,157,30.2,0.9
SANDY POINT,612000,760800,650000,618000,780000,7,2,5,30,27.5,26.2
SASSAFRAS,755000,812500,815000,890000,968000,5,3,6,25,28.2,8.8
SAWMILL SETTLEMENT,550000,498500,542000,635000,515000,4,7,4,24,-6.4,-18.9
SCORESBY,816500,890000,960000,930000,1056000,25,17,21,94,29.3,13.5
SEA LAKE,184000,166000,112500,117500,115000,6,5,7,23,-37.5,-2.1
SEABROOK,681500,710000,700000,730500,750000,23,14,13,83,10.1,2.7
SEAFORD,728000,810000,850000,850000,903000,60,61,76,354,24,6.2
SEAHOLME,940000,1380000,1031000,1120000,1410000,6,7,13,40,50,25.9
SEASPRAY,260000,280000,299000,342500,377000,3,6,6,31,45,10.1
SEBASTOPOL,350000,374000,415000,428000,443500,63,63,64,291,26.7,3.6
SEDDON,1054500,1065000,1210000,1282500,1200000,23,16,23,129,13.8,-6.4
SELBY,722500,888900,790100,1067500,1000000,8,4,3,30,38.4,-6.3
SEVILLE,642500,725000,750000,820000,803300,9,7,12,41,25,-2
SEVILLE EAST,750000,650000,682700,720000,770000,4,3,5,17,2.7,6.9
SEYMOUR,340000,390000,390000,405000,410000,33,20,33,133,20.6,1.2
SHEPPARTON,325000,350000,350000,370000,400000,183,132,182,852,23.1,8.1
SHEPPARTON NORTH,366000,362500,458500,425000,527500,6,6,4,36,44.1,24.1
SHOREHAM,950000,1850000,1412500,1040000,1767500,2,1,7,15,86.1,70
SILVERLEAVES,860000,921800,821500,1782000,1120000,4,2,5,21,30.2,-37.1
SKENES CREEK,800000,895000,931500,860000,1060000,2,5,3,15,32.5,23.3
SKYE,615000,695000,750000,781000,755000,27,22,32,151,22.8,-3.3
SMITHS BEACH,580000,810800,713000,975000,978300,6,5,6,34,68.7,0.3
SMYTHES CREEK,441000,428800,550000,537500,550000,5,4,1,16,24.7,2.3
SMYTHESDALE,435000,375000,552000,540000,511000,3,2,6,13,17.5,-5.4
SOLDIERS HILL,596500,476000,450000,542500,710000,24,14,40,117,19,30.9
SOMERS,1452500,1800000,1550000,1497500,1700000,13,12,21,77,17,13.5
SOMERVILLE,669000,735000,770000,788000,815000,52,36,49,246,21.8,3.4
SORRENTO,1917500,2100000,1935000,2250000,2875500,45,23,40,223,50,27.8
SOUTH DUDLEY,322500,442500,475000,475000,397500,1,0,2,13,23.3,NA
SOUTH GEELONG,810000,960000,1185000,750000,1280000,9,5,2,23,58,70.7
SOUTH KINGSVILLE,1021000,1100000,1000000,1211300,1030000,7,6,7,44,0.9,-15
SOUTH MELBOURNE,1685000,1635000,1700000,1500000,1750000,39,23,38,163,3.9,16.7
SOUTH MORANG,636000,670000,731500,737000,755000,84,57,101,376,18.7,2.4
SOUTH YARRA,2080000,2142500,1888000,2100000,2475000,45,33,63,220,19,17.9
SPOTSWOOD,970000,1029000,1230000,1405000,1227500,10,11,16,56,26.5,-12.6
SPRING GULLY,482500,499800,490500,591300,632500,12,10,20,74,31.1,7
SPRINGVALE,820000,849000,850000,866600,852500,57,26,42,192,4,-1.6
SPRINGVALE SOUTH,750000,777500,817000,777500,830000,14,6,31,92,10.7,6.8
ST ALBANS,600000,640500,680000,685000,712000,130,72,119,523,18.7,3.9
ST ALBANS PARK,520000,548500,573000,581000,659500,17,20,16,88,26.8,13.5
ST ANDREWS BEACH,1275000,1350000,1735000,1806500,1937500,12,6,8,44,52,7.3
ST ARNAUD,185000,240000,180000,225000,227500,13,13,12,70,23,1.1
ST HELENA,900000,1097500,959300,1202500,1270000,10,4,9,42,41.1,5.6
ST KILDA,1376000,1400300,1615000,1720000,1695000,25,15,26,117,23.2,-1.5
ST KILDA EAST,1670000,1845000,2050000,1710000,1730000,16,5,27,82,3.6,1.2
ST KILDA WEST,3420000,1825000,2750000,2750000,4620000,8,0,5,28,35.1,NA
ST LEONARDS,610000,651000,680000,713500,777300,46,36,50,227,27.4,8.9
STANHOPE,195000,254500,222500,290000,227500,4,2,2,15,16.7,-21.6
STAWELL,259000,264000,245000,299000,339500,29,33,38,167,31.1,13.5
STRATFORD,330000,339000,359000,382500,425000,11,12,14,57,28.8,11.1
STRATHDALE,545000,619000,603000,642500,690000,37,18,39,154,26.6,7.4
STRATHFIELDSAYE,532500,571300,695000,620000,710000,27,24,32,161,33.3,14.5
STRATHMORE,1393800,1411000,1667500,1595000,1600000,48,28,42,198,14.8,0.3
STRATHMORE HEIGHTS,825000,1210000,1012500,850000,915000,6,3,4,17,10.9,7.6
STRATHTULLOH,570000,595000,581000,539000,630000,19,12,21,75,10.5,16.9
STUDFIELD,836000,1051000,1000000,1034000,1145000,13,4,12,53,37,10.7
SUNBURY,600000,630000,657500,620000,672000,180,132,205,886,12,8.4
SUNDERLAND BAY,795000,610000,679500,801000,741000,4,3,4,24,-6.8,-7.5
SUNNYCLIFFS,187000,330000,317000,369000,240000,5,4,3,19,28.3,-35
SUNSET STRIP,540000,535000,590000,694000,610000,6,8,1,32,13,-12.1
SUNSHINE,750000,843000,848000,870000,917500,36,19,52,164,22.3,5.5
SUNSHINE NORTH,702600,711200,720000,748000,770000,57,14,38,191,9.6,2.9
SUNSHINE WEST,690000,675000,765500,720000,760000,52,27,71,236,10.1,5.6
SURF BEACH,610000,690000,676000,615000,1062000,4,6,7,39,74.1,72.7
SURREY HILLS,1930000,2152500,2150000,2320000,2525000,55,28,49,211,30.8,8.8
SWAN HILL,362500,339500,345000,375000,359000,47,60,70,271,-1,-4.3
SYDENHAM,649000,592500,720000,720000,735000,11,18,23,93,13.3,2.1
SYNDAL,1441500,1655000,1620000,1813400,1808000,19,16,23,73,25.4,-0.3
TALLANGATTA,307500,311000,373000,447500,374500,11,4,6,35,21.8,-16.3
TALLYGAROOPNA,370000,287000,387500,387500,325000,5,0,1,8,-12.2,NA
TANGAMBALANGA,459000,360000,392500,605000,595000,2,1,2,13,29.6,-1.7
TARNEIT,570000,578500,590000,605000,625000,332,287,358,"1,569",9.6,3.3
TATURA,335000,352500,320000,366000,392500,22,21,14,105,17.2,7.2
TAWONGA,315400,330000,459000,533000,530000,5,2,1,13,68.1,-0.6
TAWONGA SOUTH,432500,517500,538000,527500,600000,11,4,3,34,38.7,13.7
TAYLORS HILL,792500,817000,782800,850000,911000,26,31,35,169,15,7.2
TAYLORS LAKES,795500,850000,862500,908600,937500,48,22,38,167,17.9,3.2
TECOMA,890000,782000,940000,1147500,950000,6,6,14,45,6.7,-17.2
TEMPLESTOWE,1350000,1555000,1565000,1580000,1700000,57,36,65,233,25.9,7.6
TEMPLESTOWE LOWER,1165800,1305000,1440000,1450000,1425000,61,45,69,259,22.2,-1.7
TERANG,235000,307500,305000,289000,331800,10,20,12,71,41.2,14.8
THE BASIN,716800,867500,819000,896000,982500,17,9,19,73,37.1,9.7
THE HONEYSUCKLES,370000,410000,395000,420000,572500,3,1,8,18,54.7,36.3
THE PATCH,776000,740000,927200,950000,915000,4,1,2,17,17.9,-3.7
THOMASTOWN,653000,690500,702500,715500,742000,66,55,75,287,13.6,3.7
THOMSON (GREATER GEELONG),433500,458600,475000,620000,637000,5,9,11,41,46.9,2.7
THORNBURY,1350000,1382500,1590000,1517000,1527500,60,19,65,229,13.1,0.7
THORNHILL PARK,509800,570000,560000,585000,610000,30,23,34,143,19.7,4.3
TIMBOON,472500,420000,390000,430900,425000,6,6,10,31,-10.1,-1.4
TONGALA,372500,217500,295000,380000,315000,11,3,9,34,-15.4,-17.1
TOONGABBIE,382500,350000,507000,369500,537500,4,2,6,18,40.5,45.5
TOORA,310000,323500,410000,467500,460000,8,2,6,24,48.4,-1.6
TOORADIN,790000,676300,735000,1050000,947500,8,3,6,27,19.9,-9.8
TOORAK,5000000,6475000,5575000,7150000,5200000,46,20,39,205,4,-27.3
TOOTGAROOK,745000,765100,783700,965000,940000,34,25,37,177,26.2,-2.6
TORQUAY,940000,1010000,1187500,1220000,1325000,79,69,95,475,41,8.6
TRAFALGAR,430000,415000,450000,515000,545000,23,19,25,109,26.7,5.8
TRARALGON,350000,370000,399500,415000,445800,194,168,190,934,27.4,7.4
TRARALGON EAST,508000,705000,585000,610000,651200,7,5,5,34,28.2,6.7
TRAVANCORE,1550000,1920000,1500000,1790000,1910000,3,5,3,22,23.2,6.7
TRENTHAM,650000,765000,802500,850000,1022000,10,9,11,52,57.2,20.2
TRUGANINA,565000,600000,612500,599900,640000,208,151,217,910,13.3,6.7
TULLAMARINE,640000,717500,750300,740000,780000,26,15,31,112,21.9,5.4
TUNGAMAH,230000,215000,255000,255000,322000,5,0,2,13,40,NA
TYABB,595000,710000,665000,775000,880000,5,7,9,38,47.9,13.5
UPPER FERNTREE GULLY,742500,790000,825500,946300,930000,16,6,23,80,25.3,-1.7
UPWEY,820000,810000,870000,946000,922500,27,22,42,138,12.5,-2.5
VENTNOR,662500,660000,721000,895000,814000,11,5,6,43,22.9,-9.1
VENUS BAY,458300,481000,542500,590000,639500,18,15,30,132,39.6,8.4
VERMONT,975000,1170000,1183500,1250500,1319300,36,28,38,149,35.3,5.5
VERMONT SOUTH,1210000,1319300,1440000,1463900,1453000,39,34,50,210,20.1,-0.7
VIEWBANK,1033500,1190000,1267000,1277500,1266500,31,18,24,115,22.5,-0.9
VIOLET TOWN,395000,290000,341000,400000,380000,6,5,7,25,-3.8,-5
WAHGUNYAH,323000,365000,432500,349800,349800,8,6,0,26,NA,NA
WALKERVILLE,382500,455000,436600,590000,420000,5,3,1,15,9.8,-28.8
WALLAN,532000,560000,560000,570000,600000,62,53,63,274,12.8,5.3
WALLAN EAST,524500,582500,569800,575000,617500,20,19,32,109,17.7,7.4
WANDANA HEIGHTS,844800,1000000,888500,837500,942500,14,10,14,57,11.6,12.5
WANDIN NORTH,740000,750000,711400,775500,810000,8,11,13,58,9.5,4.4
WANGARATTA,383500,390000,425000,427000,458000,127,114,122,578,19.4,7.3
WANTIRNA,920000,1009500,1035000,1077500,1100000,55,22,63,228,19.6,2.1
WANTIRNA SOUTH,1010000,1207500,1157500,1222000,1305500,56,39,64,240,29.3,6.8
WARBURTON,640000,650100,658000,682300,700000,16,10,20,82,9.4,2.6
WARNEET,500000,590000,812500,694900,756000,2,6,6,23,51.2,8.8
WARRACKNABEAL,140000,180000,177500,175000,205000,20,19,13,90,46.4,17.1
WARRAGUL,526000,540000,570000,587500,663000,126,104,129,609,26,12.9
WARRANDYTE,1032000,1185000,1200000,1285000,1350000,15,13,13,75,30.8,5.1
WARRANWOOD,965000,1100000,1052500,1122500,1349500,14,8,20,72,39.8,20.2
WARRNAMBOOL,437000,450000,500000,517500,608000,149,114,160,758,39.1,17.5
WATERWAYS,1674000,1527500,1355000,1403000,1440000,7,10,13,52,-14,2.6
WATSONIA,830000,851500,900000,1100000,1060000,25,18,35,112,27.7,-3.6
WATSONIA NORTH,795000,862500,951300,1000000,1005000,12,9,20,67,26.4,0.5
WATTLE GLEN,788800,885000,962500,1040000,1011000,4,1,6,22,28.2,-2.8
WAURN PONDS,700000,718000,707500,765000,775000,12,13,25,82,10.7,1.3
WEDDERBURN,193000,160000,162500,182500,185000,6,6,7,33,-4.1,1.4
WEIR VIEWS,508000,534500,496000,530500,570000,39,36,53,181,12.2,7.4
WELSHPOOL,345000,412500,412500,345000,422000,0,5,4,12,22.3,22.3
WENDOUREE,397500,419800,446000,478000,482000,58,53,49,248,21.3,0.8
WENDOUREE WEST,300000,345500,392500,362500,397500,10,12,18,59,32.5,9.7
WERRIBEE,520000,539000,560000,575000,605000,240,226,292,"1,229",16.3,5.2
WERRIBEE SOUTH,650000,797500,720000,830000,875000,9,6,9,37,34.6,5.4
WEST FOOTSCRAY,857500,950000,931000,1106300,1115000,37,24,44,179,30,0.8
WEST MELBOURNE,960000,1310000,1310000,1125000,1270000,8,5,8,32,32.3,12.9
WEST WODONGA,375000,412500,420000,419800,441000,79,64,81,349,17.6,5.1
WESTALL,743300,793500,827500,910000,855000,24,15,13,84,15,-6
WESTGARTH,1755500,1700000,2185000,2300000,2270000,17,12,17,73,29.3,-1.3
WESTMEADOWS,620000,695000,770000,723000,713500,23,26,18,113,15.1,-1.3
WHEELERS HILL,1217500,1315000,1350000,1447500,1389000,67,54,81,314,14.1,-4
WHITE HILLS,403000,385500,450000,472500,580000,27,22,27,115,43.9,22.8
WHITTINGTON,395000,436000,518500,537000,560000,12,13,12,61,41.8,4.3
WHITTLESEA,630000,641000,660000,705000,717500,30,14,20,115,13.9,1.8
WILLIAMS LANDING,690000,711500,748000,742000,808500,43,37,49,206,17.2,9
WILLIAMSTOWN,1455000,1563000,1697500,1635500,1645000,60,33,70,282,13.1,0.6
WILLIAMSTOWN NORTH,846000,1275000,1105000,1220000,1220000,7,2,0,15,NA,NA
WIMBLEDON HEIGHTS,481500,505000,657000,592000,671500,5,3,4,29,39.5,13.4
WINCHELSEA,451300,503000,510000,571000,640000,10,12,16,74,41.8,12.1
WINDSOR,1365000,1857500,1412000,1410000,1635000,20,11,38,105,19.8,16
WINTER VALLEY,475000,492000,535000,575000,605500,23,17,30,100,27.5,5.3
WODONGA,350000,400000,448500,415000,495500,142,105,122,607,41.6,19.4
WOLLERT,585000,587800,635000,630000,683500,169,118,188,879,16.8,8.5
WONGA PARK,1176000,1359500,1300000,1251000,1090000,7,8,10,34,-7.3,-12.9
WONTHAGGI,423000,485000,480000,584000,617500,35,31,34,180,46,5.7
WOODEND,857700,792500,845000,970000,940000,17,13,31,121,9.6,-3.1
WOOLAMAI WATERS,628500,682600,780000,701000,860000,28,13,25,116,36.8,22.7
WOORI YALLOCK,600000,600000,625000,700000,670000,13,9,19,70,11.7,-4.3
WURRUK,293000,270000,537500,380000,295000,2,2,3,14,0.7,-22.4
WY YUNG,365000,494500,415000,390000,477000,6,3,13,36,30.7,22.3
WYCHEPROOF,150800,205000,131000,167500,207500,5,6,2,19,37.6,23.9
WYNDHAM VALE,499000,512500,520000,533000,562000,93,117,167,584,12.6,5.4
YACKANDANDAH,490000,712500,730000,490000,654500,3,4,6,22,33.6,33.6
YALLAMBIE,823500,937000,1056000,1130000,985500,9,9,20,61,19.7,-12.8
YALLOURN NORTH,247500,224000,228800,285000,325000,6,9,14,44,31.3,14
YARRA GLEN,737500,745000,796000,862800,912300,10,8,18,69,23.7,5.7
YARRA JUNCTION,629000,601300,665000,650000,747500,9,13,18,58,18.8,15
YARRAGON,468000,470000,577500,556500,658500,6,8,8,42,40.7,18.3
YARRAM,300000,343000,340000,352500,420000,17,18,10,81,40,19.1
YARRAVILLE,1062500,1151500,1100000,1200000,1285000,59,52,101,353,20.9,7.1
YARRAWONGA,476300,540000,529000,597500,586000,65,36,57,273,23,-1.9
YEA,496900,580000,540000,560000,617500,14,8,8,45,24.3,10.3
YINNAR,270000,470000,525000,300000,364000,5,3,6,24,34.8,21.3
"^ means there are less than 10 sales for the quarter* means there were no sales for the quarter and the first non-zero figure is carried forwardNA means insufficent data was available to create the percentage change ",,,,,,,,,,,
